Agency,Title,Deadline,Posted,AdditionalInfoURL,Categories,OpportunityID,IsNew
EPA,"1,2-Dichloropropane Draft Risk Evaluation Under the Toxic Substances Control Act (TSCA); Notice of Availability and Request for Comment",NA,2026-09-04,https://www.federalregister.gov/documents/2026/09/04/2026-18117/12-dichloropropane-draft-risk-evaluation-under-the-toxic-substances-control-act-tsca-notice-of,Request for Information,2026-18117,TRUE
EPA,"Farm, Ranch, and Rural Communities Advisory Committee (FRRCC); Notice of Public Meeting",NA,2026-09-03,https://www.federalregister.gov/documents/2026/09/03/2026-18069/farm-ranch-and-rural-communities-advisory-committee-frrcc-notice-of-public-meeting,FACA / Nomination; Public Meeting / Workshop,2026-18069,TRUE
NOAA,"Hydrographic Services Review Panel Meeting, September 28, and 29, 2026",NA,2026-09-09,https://www.federalregister.gov/documents/2026/09/09/2026-18315/hydrographic-services-review-panel-meeting-september-28-and-29-2026,FACA / Nomination; Review Panel; Public Meeting / Workshop,2026-18315,TRUE
NOAA,Management Track Assessment for American Plaice and Gulf of Maine Haddock; Public Meeting,NA,2026-09-08,https://www.federalregister.gov/documents/2026/09/08/2026-18254/management-track-assessment-for-american-plaice-and-gulf-of-maine-haddock-public-meeting,Review Panel; Public Meeting / Workshop,2026-18254,TRUE
NOAA,North Pacific Fishery Management Council; Public Meeting,NA,2026-09-04,https://www.federalregister.gov/documents/2026/09/04/2026-18165/north-pacific-fishery-management-council-public-meeting,Public Meeting / Workshop,2026-18165,TRUE
NOAA,Gulf Fishery Management Council; Public Meeting,NA,2026-09-04,https://www.federalregister.gov/documents/2026/09/04/2026-18100/gulf-fishery-management-council-public-meeting,Public Meeting / Workshop,2026-18100,TRUE
NOAA,Mid-Atlantic Fishery Management Council (MAFMC); Public Meeting,NA,2026-09-03,https://www.federalregister.gov/documents/2026/09/03/2026-18000/mid-atlantic-fishery-management-council-mafmc-public-meeting,Public Meeting / Workshop,2026-18000,TRUE
NOAA,Mid-Atlantic Fishery Management Council (MAFMC); Public Meeting,NA,2026-09-03,https://www.federalregister.gov/documents/2026/09/03/2026-17990/mid-atlantic-fishery-management-council-mafmc-public-meeting,Public Meeting / Workshop,2026-17990,TRUE
NOAA,North Pacific Fishery Management Council; Public Meeting,NA,2026-09-02,https://www.federalregister.gov/documents/2026/09/02/2026-17976/north-pacific-fishery-management-council-public-meeting,Public Meeting / Workshop,2026-17976,TRUE
NOAA,Interagency Marine Debris Coordinating Committee Meeting,NA,2026-09-02,https://www.federalregister.gov/documents/2026/09/02/2026-17934/interagency-marine-debris-coordinating-committee-meeting,Public Meeting / Workshop,2026-17934,TRUE
NOAA,Mid-Atlantic Fishery Management Council (MAFMC); Public Meeting,NA,2026-09-01,https://www.federalregister.gov/documents/2026/09/01/2026-17798/mid-atlantic-fishery-management-council-mafmc-public-meeting,Public Meeting / Workshop,2026-17798,TRUE
NOAA,Pacific Fishery Management Council; Public Meeting,NA,2026-09-01,https://www.federalregister.gov/documents/2026/09/01/2026-17797/pacific-fishery-management-council-public-meeting,Public Meeting / Workshop,2026-17797,TRUE
USDA / NIFA,Ottawa Resource Advisory Committee,NA,2026-09-09,https://www.federalregister.gov/documents/2026/09/09/2026-18378/ottawa-resource-advisory-committee,FACA / Nomination; Public Meeting / Workshop,2026-18378,TRUE
USDA / NIFA,United States Standards for Grades of Carcass Beef,NA,2026-09-08,https://www.federalregister.gov/documents/2026/09/08/2026-18218/united-states-standards-for-grades-of-carcass-beef,Request for Information,2026-18218,TRUE
